{
  "Naive Recursive": [200, 400, 3300, 29800, 345900, 3.0008e+06, 3.52064e+07, 3.75254e+08, 4.24059e+09],
  "Memoization": [900, 400, 300, 300, 1000, 400, 500, 400, 400],
  "Tabulation": [200, 100, 100, 200, 200, 200, 200, 200, 200],
  "Optimized": [100, 100, 100, 0, 0, 100, 0, 100, 0],
  "Matrix Exponentiation": [100, 100, 100, 0, 100, 100, 100, 100, 0],
  "Binet's Formula": [600, 100, 100, 100, 0, 200, 400, 100, 0]
}
